﻿--
-- Script was generated by Devart dbForge Studio for MySQL, Version 8.0.40.0
-- Product home page: http://www.devart.com/dbforge/mysql/studio
-- Script date 12/06/2020 23:38:23
-- Server version: 5.5.5-10.1.38-MariaDB
-- Client version: 4.1
--

-- 
-- Disable foreign keys
-- 
/*!40014 SET @OLD_FOREIGN_KEY_CHECKS=@@FOREIGN_KEY_CHECKS, FOREIGN_KEY_CHECKS=0 */;

-- 
-- Set SQL mode
-- 
/*!40101 SET @OLD_SQL_MODE=@@SQL_MODE, SQL_MODE='NO_AUTO_VALUE_ON_ZERO' */;

-- 
-- Set character set the client will use to send SQL statements to the server
--
SET NAMES 'utf8';

--
-- Set default database
--
USE remo;

--
-- Drop table `patrocinios`
--
DROP TABLE IF EXISTS patrocinios;

--
-- Drop table `fechasuso`
--
DROP TABLE IF EXISTS fechasuso;

--
-- Drop table `usosmaterial`
--
DROP TABLE IF EXISTS usosmaterial;

--
-- Drop table `barcos`
--
DROP TABLE IF EXISTS barcos;

--
-- Drop table `entrenadores`
--
DROP TABLE IF EXISTS entrenadores;

--
-- Drop table `cuotas`
--
DROP TABLE IF EXISTS cuotas;

--
-- Drop table `remeros`
--
DROP TABLE IF EXISTS remeros;

--
-- Drop table `categorias`
--
DROP TABLE IF EXISTS categorias;

--
-- Drop table `remos`
--
DROP TABLE IF EXISTS remos;

--
-- Drop table `gastos`
--
DROP TABLE IF EXISTS gastos;

--
-- Drop table `patrocinadores`
--
DROP TABLE IF EXISTS patrocinadores;

--
-- Drop table `directivos`
--
DROP TABLE IF EXISTS directivos;

--
-- Set default database
--
USE remo;

--
-- Create table `directivos`
--
CREATE TABLE directivos (
  dni varchar(9) NOT NULL,
  nombre_completo varchar(30) NOT NULL,
  cargo varchar(15) NOT NULL,
  PRIMARY KEY (dni)
)
ENGINE = INNODB,
AVG_ROW_LENGTH = 2340,
CHARACTER SET latin1,
COLLATE latin1_swedish_ci;

--
-- Create table `patrocinadores`
--
CREATE TABLE patrocinadores (
  codigo int(11) NOT NULL AUTO_INCREMENT,
  nombre varchar(30) NOT NULL,
  cantidad_aportada float DEFAULT NULL,
  dni_directivo varchar(9) DEFAULT NULL,
  temporada_ini char(4) DEFAULT NULL,
  temporada_fin char(4) DEFAULT NULL,
  PRIMARY KEY (codigo)
)
ENGINE = INNODB,
AUTO_INCREMENT = 24,
AVG_ROW_LENGTH = 712,
CHARACTER SET latin1,
COLLATE latin1_swedish_ci;

--
-- Create foreign key
--
ALTER TABLE patrocinadores
ADD CONSTRAINT fk_patrocinadores_directivos FOREIGN KEY (dni_directivo)
REFERENCES directivos (dni) ON DELETE CASCADE ON UPDATE CASCADE;

--
-- Create table `gastos`
--
CREATE TABLE gastos (
  id_gasto int(11) NOT NULL AUTO_INCREMENT,
  asunto varchar(20) DEFAULT NULL,
  cantidad float DEFAULT NULL,
  dni_directivo varchar(9) DEFAULT NULL,
  PRIMARY KEY (id_gasto)
)
ENGINE = INNODB,
AUTO_INCREMENT = 11,
AVG_ROW_LENGTH = 1638,
CHARACTER SET latin1,
COLLATE latin1_swedish_ci;

--
-- Create foreign key
--
ALTER TABLE gastos
ADD CONSTRAINT fk_gastos_remeros FOREIGN KEY (dni_directivo)
REFERENCES directivos (dni) ON DELETE CASCADE ON UPDATE CASCADE;

--
-- Create table `remos`
--
CREATE TABLE remos (
  codigo int(11) NOT NULL AUTO_INCREMENT,
  fabricante varchar(15) NOT NULL,
  num_remos int(11) DEFAULT NULL,
  dureza varchar(10) DEFAULT NULL,
  PRIMARY KEY (codigo)
)
ENGINE = INNODB,
AUTO_INCREMENT = 9570588,
AVG_ROW_LENGTH = 1365,
CHARACTER SET latin1,
COLLATE latin1_swedish_ci;

--
-- Create table `categorias`
--
CREATE TABLE categorias (
  codigo char(2) NOT NULL,
  nombre varchar(35) NOT NULL,
  rango_edad varchar(5) NOT NULL,
  num_remeros int(11) DEFAULT NULL,
  PRIMARY KEY (codigo)
)
ENGINE = INNODB,
AVG_ROW_LENGTH = 2048,
CHARACTER SET latin1,
COLLATE latin1_swedish_ci;

--
-- Create table `remeros`
--
CREATE TABLE remeros (
  id_remero int(11) NOT NULL AUTO_INCREMENT,
  codigo_categoria char(2) DEFAULT NULL,
  codigo_remero int(11) DEFAULT NULL,
  dni varchar(9) NOT NULL,
  nombre_completo varchar(30) NOT NULL,
  fecha_nac date DEFAULT NULL,
  codigo_patrocinador int(11) DEFAULT NULL,
  lesiones varchar(50) DEFAULT NULL,
  anios_exp int(11) DEFAULT NULL,
  dni_padre varchar(50) DEFAULT NULL,
  nombre_padre varchar(50) DEFAULT NULL,
  PRIMARY KEY (id_remero)
)
ENGINE = INNODB,
AUTO_INCREMENT = 37,
AVG_ROW_LENGTH = 496,
CHARACTER SET latin1,
COLLATE latin1_swedish_ci;

--
-- Create index `dni` on table `remeros`
--
ALTER TABLE remeros
ADD UNIQUE INDEX dni (dni);

--
-- Create index `uk_remeros` on table `remeros`
--
ALTER TABLE remeros
ADD UNIQUE INDEX uk_remeros (codigo_categoria, codigo_remero);

--
-- Create foreign key
--
ALTER TABLE remeros
ADD CONSTRAINT fk_remeros_categorias FOREIGN KEY (codigo_categoria)
REFERENCES categorias (codigo) ON DELETE CASCADE ON UPDATE CASCADE;

--
-- Create foreign key
--
ALTER TABLE remeros
ADD CONSTRAINT fk_remeros_patrocinadores FOREIGN KEY (codigo_patrocinador)
REFERENCES patrocinadores (codigo) ON DELETE CASCADE ON UPDATE CASCADE;

--
-- Create table `cuotas`
--
CREATE TABLE cuotas (
  id_cuota int(11) NOT NULL AUTO_INCREMENT,
  id_remero int(11) DEFAULT NULL,
  mes varchar(10) DEFAULT NULL,
  importe float DEFAULT NULL,
  fecha_pago date DEFAULT NULL,
  PRIMARY KEY (id_cuota)
)
ENGINE = INNODB,
AUTO_INCREMENT = 13,
AVG_ROW_LENGTH = 1820,
CHARACTER SET latin1,
COLLATE latin1_swedish_ci;

--
-- Create foreign key
--
ALTER TABLE cuotas
ADD CONSTRAINT fk_cuotas_remeros FOREIGN KEY (id_remero)
REFERENCES remeros (id_remero) ON DELETE CASCADE ON UPDATE CASCADE;

--
-- Create table `entrenadores`
--
CREATE TABLE entrenadores (
  dni varchar(9) NOT NULL,
  nombre_completo varchar(30) NOT NULL,
  titulacion varchar(30) DEFAULT NULL,
  dni_directivo varchar(9) NOT NULL,
  codigo_categoria char(2) NOT NULL,
  PRIMARY KEY (dni)
)
ENGINE = INNODB,
AVG_ROW_LENGTH = 2048,
CHARACTER SET latin1,
COLLATE latin1_swedish_ci;

--
-- Create foreign key
--
ALTER TABLE entrenadores
ADD CONSTRAINT fk_entrenadores_categorias FOREIGN KEY (codigo_categoria)
REFERENCES categorias (codigo) ON DELETE CASCADE ON UPDATE CASCADE;

--
-- Create foreign key
--
ALTER TABLE entrenadores
ADD CONSTRAINT fk_entrenadores_directivos FOREIGN KEY (dni_directivo)
REFERENCES directivos (dni) ON DELETE CASCADE ON UPDATE CASCADE;

--
-- Create table `barcos`
--
CREATE TABLE barcos (
  matricula varchar(6) NOT NULL,
  nombre_tecnico varchar(30) NOT NULL,
  mote varchar(15) DEFAULT NULL,
  fabricante varchar(15) DEFAULT NULL,
  PRIMARY KEY (matricula)
)
ENGINE = INNODB,
AVG_ROW_LENGTH = 1365,
CHARACTER SET latin1,
COLLATE latin1_swedish_ci;

--
-- Create table `usosmaterial`
--
CREATE TABLE usosmaterial (
  id_uso int(11) NOT NULL AUTO_INCREMENT,
  matricula_barco varchar(6) DEFAULT NULL,
  codigo_remos int(11) DEFAULT NULL,
  codigo_categoria char(2) DEFAULT NULL,
  PRIMARY KEY (id_uso)
)
ENGINE = INNODB,
AUTO_INCREMENT = 15,
AVG_ROW_LENGTH = 1489,
CHARACTER SET latin1,
COLLATE latin1_swedish_ci;

--
-- Create index `uk_usos` on table `usosmaterial`
--
ALTER TABLE usosmaterial
ADD UNIQUE INDEX uk_usos (matricula_barco, codigo_remos, codigo_categoria);

--
-- Create foreign key
--
ALTER TABLE usosmaterial
ADD CONSTRAINT fk_usos_barcos FOREIGN KEY (matricula_barco)
REFERENCES barcos (matricula) ON DELETE CASCADE ON UPDATE CASCADE;

--
-- Create foreign key
--
ALTER TABLE usosmaterial
ADD CONSTRAINT fk_usos_categoria FOREIGN KEY (codigo_categoria)
REFERENCES categorias (codigo) ON DELETE CASCADE ON UPDATE CASCADE;

--
-- Create foreign key
--
ALTER TABLE usosmaterial
ADD CONSTRAINT fk_usos_remos FOREIGN KEY (codigo_remos)
REFERENCES remos (codigo) ON DELETE CASCADE ON UPDATE CASCADE;

--
-- Create table `fechasuso`
--
CREATE TABLE fechasuso (
  id_fecha int(11) NOT NULL AUTO_INCREMENT,
  id_uso int(11) DEFAULT NULL,
  fecha_uso date DEFAULT NULL,
  PRIMARY KEY (id_fecha)
)
ENGINE = INNODB,
AUTO_INCREMENT = 17,
AVG_ROW_LENGTH = 1024,
CHARACTER SET latin1,
COLLATE latin1_swedish_ci;

--
-- Create index `uk_fechas` on table `fechasuso`
--
ALTER TABLE fechasuso
ADD UNIQUE INDEX uk_fechas (id_uso, fecha_uso);

--
-- Create foreign key
--
ALTER TABLE fechasuso
ADD CONSTRAINT fk_fechas_usos FOREIGN KEY (id_uso)
REFERENCES usosmaterial (id_uso) ON DELETE CASCADE ON UPDATE CASCADE;

--
-- Create table `patrocinios`
--
CREATE TABLE patrocinios (
  id_patrocinio int(11) NOT NULL AUTO_INCREMENT,
  codigo_patrocinador int(11) DEFAULT NULL,
  matricula_barco varchar(6) DEFAULT NULL,
  PRIMARY KEY (id_patrocinio)
)
ENGINE = INNODB,
AUTO_INCREMENT = 13,
AVG_ROW_LENGTH = 1489,
CHARACTER SET latin1,
COLLATE latin1_swedish_ci;

--
-- Create index `uk_patrocinio` on table `patrocinios`
--
ALTER TABLE patrocinios
ADD UNIQUE INDEX uk_patrocinio (codigo_patrocinador, matricula_barco);

--
-- Create foreign key
--
ALTER TABLE patrocinios
ADD CONSTRAINT fk_patrocinio_embarcaciones FOREIGN KEY (matricula_barco)
REFERENCES barcos (matricula) ON DELETE CASCADE ON UPDATE CASCADE;

--
-- Create foreign key
--
ALTER TABLE patrocinios
ADD CONSTRAINT fk_patrocinio_patrocinadores FOREIGN KEY (codigo_patrocinador)
REFERENCES patrocinadores (codigo) ON DELETE CASCADE ON UPDATE CASCADE;

-- 
-- Dumping data for table directivos
--
INSERT INTO directivos VALUES
('43757338D', 'Israel Bolado', 'Presidente'),
('61520718U', 'Manuel García', 'Delegado'),
('65319683M', 'Jose Luis Cruces', ' Vicepresidente'),
('83948240R', 'Pablo Garcia', 'Vocal '),
('87367586K', 'Jose Manuel Sanchez', 'Vocal'),
('88190169W', 'Alvaro Campuzano', ' Tesorero'),
('92135741Y', 'Sara Cobo', ' Secretario ');

-- 
-- Dumping data for table remos
--
INSERT INTO remos VALUES
(960334, ' Amilibia ', 13, 'Moderada'),
(960335, ' Amilibia ', 13, 'Baja '),
(968564, ' Amilibia ', 6, 'Alta '),
(1960335, ' Vracar ', 4, ' Alta '),
(3206711, ' Amilibia ', 4, ' Muy alta'),
(4604946, ' Vracar ', 4, ' Media '),
(4859656, ' Amilibia ', 6, 'Media '),
(5604946, ' Concept', 4, ' Media '),
(6010310, ' Vracar ', 4, ' Baja '),
(6010311, ' Vracar ', 13, ' Media '),
(7010311, ' Concept', 4, 'Muy baja '),
(9570587, ' Vracar ', 4, 'Alta');

-- 
-- Dumping data for table categorias
--
INSERT INTO categorias VALUES
('AF', 'Alevin Femenino', '10-11', 5),
('AM', 'Alevin Masculino', '10-11', 4),
('CF', 'Cadete Femenino', '14-15', 5),
('CM', 'Cadete Masculino', '14-15', 6),
('IF', 'Infantil Femenino', '12-13', 3),
('IM', 'Infantil Masculino', '12-13', 4),
('JF', 'Juvenil Femenino', '16-17', 4),
('JM', 'Juvenil Masculino', '16-17', 2);

-- 
-- Dumping data for table patrocinadores
--
INSERT INTO patrocinadores VALUES
(1, 'Casa Carmina', 104, '87367586K', '2019', '2020'),
(2, 'La Playuca', 242, '43757338D', '2019', '2020'),
(3, 'Cerverceria Adolfo', 203, '92135741Y', '2019', '2020'),
(4, 'Casa Juan', 184, '43757338D', '2019', '2020'),
(5, 'Asticopy', 103, '92135741Y', '2019', '2020'),
(6, 'Carniceria Lomillos', 61, '87367586K', '2019', '2020'),
(7, 'Bar Siglo XX', 249, '61520718U', '2019', '2020'),
(8, 'Taberna Autor', 86, '83948240R', '2019', '2020'),
(9, 'Tecnican', 219, '92135741Y', '2019', '2020'),
(10, 'Herbolario Verde', 146, '83948240R', '2019', '2020'),
(11, 'Construccion Jose Luis', 130, '87367586K', '2019', '2020'),
(12, 'Asador Cimarrron', 184, '65319683M', '2019', '2020'),
(13, 'Legal Cantabria', 180, '87367586K', '2019', '2020'),
(14, 'Bodega Balta', 108, '43757338D', '2019', '2020'),
(15, 'Cafe Mercado', 190, '83948240R', '2019', '2020'),
(16, 'Autoescuela Campuzano', 212, '61520718U', '2019', '2020'),
(17, 'Electrocomercial', 86, '61520718U', '2019', '2020'),
(18, 'Relojeria Fuertes', 170, '61520718U', '2019', '2020'),
(19, 'Supermercado Monchi', 56, '65319683M', '2019', '2020'),
(20, 'Cerveceria Adolfo', 127, '83948240R', NULL, '2020'),
(21, 'Sabores de Mexico', 83, '88190169W', '2019', '2020'),
(22, 'Merceria Montse', 65, '92135741Y', '2019', '2020'),
(23, 'Bar Aranda', 145, '43757338D', '2019', '2020');

-- 
-- Dumping data for table barcos
--
INSERT INTO barcos VALUES
('247-DN', 'Batel', 'Luis Mari', ' Amilibia'),
('305-SF', ' Trainerilla', 'La Maruca', 'Amilibia'),
('411-XK', ' Trainera ', 'San Jose XIV', ' Amilibia'),
('435-HM', ' Batel', 'Tia Manola', 'Amilibia'),
('529-BH', 'Batel ', 'Monchi', 'Amilibia '),
('642-EE', 'Batel ', 'Pijama', 'Amilibia '),
('645-SD', 'Batel ', 'Don Pablo', 'Amilibia '),
('652-ZD', ' Trainerilla', 'Pedro', ' Amilibia'),
('747-ER', ' Trainera ', 'San Jose XII', 'Amilibia '),
('804-VY', 'Batel ', 'Pedreñuca', ' Amilibia'),
('874-FD', ' Batel ', 'Miguel Angel', 'Amilibia '),
('993-BO', ' Trainera ', 'San Jose XV', ' Amilibia');

-- 
-- Dumping data for table usosmaterial
--
INSERT INTO usosmaterial VALUES
(13, '247-DN', 3206711, 'AM'),
(1, '305-SF', 6010310, 'AF'),
(9, '305-SF', 7010311, 'JM'),
(6, '529-BH', 5604946, 'AM'),
(2, '642-EE', 6010311, 'IM'),
(8, '652-ZD', 960334, 'CM'),
(5, '652-ZD', 3206711, 'IF'),
(4, '747-ER', 1960335, 'CF'),
(3, '804-VY', 960334, 'CM'),
(14, '804-VY', 7010311, 'JF'),
(10, '993-BO', 3206711, 'IF'),
(7, '993-BO', 6010310, 'AF');

-- 
-- Dumping data for table remeros
--
INSERT INTO remeros VALUES
(1, 'AM', 1, '78705008A', 'Fabriccio Ingaruca', '2006-10-01', 12, '9YSKDPKY29IZBG8O2', 4, '30965427C', '3ER74M1CAK76827335'),
(2, 'AM', 2, '04160295X', 'Diego Gonzalez', '2007-04-02', 9, 'KNRFP5M', 5, NULL, '9G56637HL3H8XWHMW61BO689633N6A93T'),
(3, 'AM', 3, '25137558P', 'Pedro Ferrera', '2005-01-07', 19, 'M88Q16DKVDJEY18839', 5, '38880245D', '2W87'),
(4, 'AM', 4, '79373329X', 'Sebastian Lopez', '2007-04-29', 23, '8FL63O55B423OU4M457S25CF', 3, '24086058U', '9BN083O6524RM0J9S5MTQMXUURL647DY016J7C72F129C0MHFP'),
(6, 'IF', 2, '53692099L', 'Marina Torices', '2005-01-02', 5, NULL, 5, '63425735L', 'ZVPN20ER3'),
(7, 'IF', 3, '37386310F', 'Alicia Cheralu', '2006-12-31', 8, '51', 5, '82671145Q', NULL),
(8, 'IF', 4, '14724473K', 'Raquel Salazar', '2006-09-28', 20, NULL, 4, '90265853S', 'D41NK7N42PH092'),
(9, 'JF', 1, '75829982T', 'Berta Serrano', NULL, 12, '5Q', 1, '67193103D', '1520R'),
(10, 'JF', 2, '46413123Z', 'Aroa Montoya', '2009-04-03', 22, '05A59', 3, '86015165O', '1H52ZORUEHEXO88X6'),
(11, 'JF', 3, '79259287Y', 'Claudia Muñoz', '2006-01-09', 12, 'CUI7GQLLCGLP1N91VRL022B9GB966K2JV2D236097', 0, '25957354K', 'NDML6457S7I86SKQ9MPFATQ2378'),
(12, 'JF', 4, '00705207Z', 'Anne Salazar', '2007-10-03', 6, 'F82N02Y968', 0, '66513151H', 'X'),
(13, 'AF', 1, '07925300K', 'Carla Vazquez', '2010-08-23', 21, 'AT0PFE6MJ8I43IWOBX', 3, '40103875J', '08BX9Y56'),
(14, 'AF', 2, '79701939X', 'Aitana Ruiz', '2005-12-10', 19, 'Z08U65', 2, '83866059Y', '8533'),
(15, 'AF', 3, '80827205Y', 'Paola Gonzalez', '2010-01-15', 12, NULL, 0, '26656555U', 'LN855343WGAMX'),
(16, 'AF', 4, '07120755C', 'Celia Portilla', '2006-04-01', 16, 'B57AK53M3Y91W0X7QYFB40S6D9V', 4, '77482430G', 'JB3WF7B'),
(17, 'CF', 1, '60790202U', 'Noive Lisaso', '2006-11-20', 20, 'Z313141L0RY6JJ2YMB5', 1, '35880471L', 'M1G4I6ED3U2PZF49080I796725MN3QWQX2NR8O'),
(18, 'CF', 2, '63385239O', 'Marta Revuelta', '2007-06-08', 2, 'BTD111RNO1A3U5T', 1, '56763167V', NULL),
(19, 'CF', 3, '79319139W', 'Alba Cavero', '2005-08-02', 4, '35AM6737NQV520DJ5', 2, '75770721N', '2T2D6374790FJBC8X3'),
(20, 'CF', 4, '69600013T', 'Aiora Fullaondo', '2005-01-10', 17, '7PRZ7P1', 2, '78221957B', 'VM7YW60OZ'),
(21, 'IM', 1, '47098192O', 'Laro Saiz', '2008-09-06', 4, '09I7ZDUE4PT3O', 5, '39042663Q', '35PO3IET6DPJ51P0VQD475471B4A17MP12G3DF5AHAA'),
(22, 'IM', 2, '99183834R', 'Fernando Gomez', NULL, 13, '36016S87G0W0F7KZ73', 2, NULL, 'I24UWW6DVK53D7LIU5'),
(23, 'IM', 3, '74465748G', 'Sergio Gomez', '2009-10-29', 6, 'ON3G04UF4081O31DF8J1P85MFY0BZ7X9H9N1R', 0, NULL, '6S9255881ZX8BP9HZ44EI7L745G56UL6VG3G5TAU54'),
(24, 'IM', 4, '03070416F', 'Oscar Fernandez', '2006-01-04', NULL, 'CW6V64K0T12Q4U8TK8T263DPA5DAW', 3, '49501078P', '3DYH43K8466'),
(25, 'CM', 1, '46716877V', 'Javier Santos', '2010-09-09', NULL, 'H2469YF9C9A109XDVE73EH829', 2, '34008122G', 'H6KTIIM8Z6O8P3'),
(26, 'CM', 2, '25483413T', 'Alvaro Fuertes', '2010-11-09', 7, '9AA9ZEQQ1Z01ZWM0EB2S654K3JD86K35N535NOYCK4YC1X6AL2', 5, '45584074A', 'V5483LP715B0829EYLNJ72BY6J87I330BZA9DMX6H20OP1DE0J'),
(28, 'CM', 4, '95651152K', 'Pablo Quintanal', '2007-10-08', 4, 'OMQ3KRGDHVBO5G6IU69', 2, '83644337F', '0H'),
(29, 'CM', 5, '34255380O', 'Hugo Gaton', '2005-04-10', 9, '239H', 5, '59501264V', 'E28Z'),
(31, 'CM', 7, '62589683Z', 'Marcos Gutierrez', '2005-09-12', 17, 'B41B', 5, '69325712V', 'E9K42I58GRW5Y6O'),
(32, 'CM', 8, '00938931P', 'Daniel Garcia', '2010-05-13', 7, 'CIC9', 2, '56737516U', '59QB689P'),
(33, 'AF', 6, '74185698E', 'Fabriccio Denis', '2009-07-17', 5, 'Ninguna', 4, NULL, NULL),
(34, 'JM', 3, '56487952A', 'David Cervera', '2003-05-11', 11, 'Lumbalgia', 4, NULL, NULL),
(35, 'CF', 7, '41587458L', 'Erica Cabrera', '2005-03-12', 7, 'Nada', 1, '77445566P', NULL),
(36, 'JM', 36, '98765432S', 'David Cámara', '2005-01-12', 18, 'Ninguna', 7, '85274136A', 'Francisco Camara');

-- 
-- Dumping data for table patrocinios
--
INSERT INTO patrocinios VALUES
(5, 2, '652-ZD'),
(12, 3, '642-EE'),
(7, 3, '993-BO'),
(9, 4, '305-SF'),
(2, 5, '642-EE'),
(4, 6, '747-ER'),
(6, 7, '529-BH'),
(8, 8, '645-SD'),
(10, 9, '874-FD'),
(1, 10, '247-DN'),
(11, 16, '652-ZD');

-- 
-- Dumping data for table gastos
--
INSERT INTO gastos VALUES
(1, 'Barras gimnasio', 150, '88190169W'),
(2, 'Suplementacion', 35, '83948240R'),
(3, 'Fruta', 37, '83948240R'),
(4, 'Gorras', 200, '92135741Y'),
(5, 'Mochilas', 255, '61520718U'),
(6, 'Tornilleria', 13, '92135741Y'),
(7, 'Pesas', 175, '65319683M'),
(8, 'Gasolina', 30, '87367586K'),
(9, 'Taller', 223, '61520718U'),
(10, 'Gasolina', 50, '92135741Y');

-- 
-- Dumping data for table fechasuso
--
INSERT INTO fechasuso VALUES
(3, 1, '2020-05-23'),
(13, 1, '2020-05-28'),
(5, 2, '2019-10-25'),
(7, 3, '2020-04-24'),
(9, 4, '2019-11-24'),
(11, 4, '2020-05-28'),
(12, 4, '2020-06-07'),
(2, 5, '2020-02-27'),
(14, 6, '2020-06-26'),
(4, 6, '2020-07-31'),
(6, 7, '2020-03-28'),
(8, 8, '2019-10-26'),
(10, 9, '2020-03-04'),
(1, 10, '2020-01-13'),
(15, 14, '2020-06-12'),
(16, 14, '2020-06-20');

-- 
-- Dumping data for table entrenadores
--
INSERT INTO entrenadores VALUES
('09676538Z', 'Jose Manuel Sanchez', '', '83948240R', 'CF'),
('44195786Y', 'Jose Luis Cruces', 'Nivel I', '83948240R', 'JF'),
('45966801T', 'Cristian Cortijo', 'Regional', '88190169W', 'JM'),
('57489684W', 'Manrique Vega', 'Nivel I', '87367586K', 'AM'),
('65601572C', 'Adrian Marcos', 'Básico', '87367586K', 'IF'),
('68741278E', 'Alejandro Renero', ' Regional ', '61520718U', 'IM'),
('84575537P', 'Israel Bolado', '', '61520718U', 'CM'),
('85269347O', 'Mario Hernando', 'Avanzado', '92135741Y', 'AF');

-- 
-- Dumping data for table cuotas
--
INSERT INTO cuotas VALUES
(1, 28, 'Mayo', 16, '2020-01-16'),
(2, 4, ' Abril ', 14, '2020-05-14'),
(5, 7, 'Enero ', 12, '2020-06-13'),
(6, 8, ' Febrero ', 19, '2019-11-22'),
(7, 9, ' Diciembre', 13, '2020-04-25'),
(8, 9, ' Agosto\r\n ', 10, '2020-02-24'),
(9, 14, ' Julio ', 10, '2019-11-12'),
(10, 21, ' Diciembre', 19, '2019-11-05'),
(11, 24, '7', 50, '2020-05-28'),
(12, 28, 'Agosto', 45, '2020-05-30');

--
-- Set default database
--
USE remo;

--
-- Drop trigger `del-remero`
--
DROP TRIGGER IF EXISTS `del-remero`;

--
-- Drop trigger `ins-remero`
--
DROP TRIGGER IF EXISTS `ins-remero`;

--
-- Set default database
--
USE remo;

DELIMITER $$

--
-- Create trigger `del-remero`
--
CREATE
DEFINER = 'root'@'localhost'
TRIGGER `del-remero`
AFTER DELETE
ON remeros
FOR EACH ROW
BEGIN
  UPDATE categorias
  SET num_remeros = (SELECT
      COUNT(*)
    FROM remeros r
    WHERE r.codigo_categoria = old.codigo_categoria)
  WHERE codigo = old.codigo_categoria;
END
$$

--
-- Create trigger `ins-remero`
--
CREATE
DEFINER = 'root'@'localhost'
TRIGGER `ins-remero`
AFTER INSERT
ON remeros
FOR EACH ROW
BEGIN
  UPDATE categorias
  SET num_remeros = (SELECT
      COUNT(*)
    FROM remeros r
    WHERE r.codigo_categoria = new.codigo_categoria)
  WHERE codigo = new.codigo_categoria;
END
$$

DELIMITER ;

-- 
-- Restore previous SQL mode
-- 
/*!40101 SET SQL_MODE=@OLD_SQL_MODE */;

-- 
-- Enable foreign keys
-- 
/*!40014 SET FOREIGN_KEY_CHECKS = @OLD_FOREIGN_KEY_CHECKS */;